stream,news,students,laud,online,feed,night,evacuation,doordarshan,watch,india,tv,dd,new
stream,minister,hungary,conversation,online,hardeep puri,puri,doordarshan,tv,watch,india,union,singh,dd
stream,dd,online,feed,doordarshan,watch,india,partnership,amrit,tv,development,new
operation,eco,ganga,women,watch,india,world,ind,new,stream,global,impact,warns,cup,pune,metro,imf,connect,dd,project,beat,pak,pm,elections,doordarshan,tv,news,online,feed,phase,icc
women,locals,india tv,watch,india,ground,report,shares,stream,team,slovakia,money,country,dd,ukraine,doordarshan,ramesh,border,refugees,chandran,online,ram,zero,children,refuge,correspondent
stream,updates,news,comprehensive,show,online,elections,aspects,phase,doordarshan,watch,india,tv,dd,items
operation,ganga,modi,india tv,watch,india,aspects,stream,swing,warns,hour,pune,imf,dd,items,headlines,pm,doordarshan,full swing,news,show,online,projects
operation,ganga,watch,india,govt,ground,russia,stream,update,team,crisis,poland,dd,hungary,ukraine,doordarshan,tv,others,nationals,online,zero,romania
stream,saga,fighter,online,chakrabarty,doordarshan,ambika,tv,watch,tributes,india,freedom,dd
stream,dd,foundation,pm,online,projects,doordarshan,modi,pune,tv,watch,india,lay,stone,development
operation,stream,news,comprehensive,ganga,online,show,aspects,doordarshan,watch,india,tv,dd,items
protests,blinken,focus,newsnight,sumy,mea,putin,watch,india,ground,reports,defend,new,stream,nato,warns,territories,kherson,night,russian,dd,occupation,countries,against,evacuations,doordarshan,all,west,tv,zone,approx,no return,news,online,feed,bordering,next,citizens,fly,zero,will
stream,countries,online,feed,bordering,new ukraine,doordarshan,watch,zero,india,ground,reports,tv,dd
stream,ukraine,online,feed,new india,diplomacy,crisis,doordarshan,india tv,watch,india,dd
stream,global,headlines,online,feed,scan,doordarshan,watch,india,media,tv,dd,new
operation,stream,week,ukraine,ganga,online,feed,new india,doordarshan,india tv,watch,india,russia,issue,dd
stream,briefing,online,feed,new india,mea,doordarshan,watch,video,india,dd,full,tv,press
stream,vijay,sports,online,chat,legendary,doordarshan,watch,india,player,tv,dd,tennis
stream,sports,shane,online,away,feed,cricket,doordarshan,legend,watch,passes,india,warne,tv,dd,new
polls,operation,ganga,mea,watch,tehran,india,touch,russia,stream,chief,passes,connect,up,dd,strong,corridor,new day,doordarshan,ceasefire,iaea,campaigning,tv,regular,news,students,online,feed,going,law,embassies
operation,stream,hungary,slovakia,ganga,online,doordarshan,india tv,watch,zero,report,ground,india,dd
operation,ganga,vs,putin,stand,modi,european war,india,russia,world,corridors,crisis,century,lanka,union,jadeja,firm,invades,updates,ukraine,headlines,remain,pm,president,sanctions,ceasefire,webinar,facilities,news,students,show,narendra,law,sri
polls,vs,stand,watch,india,russia,ind,port,stream,century,sl,passes,jadeja,firm,dd,up,updates,ukraine,election,headlines,new day,doordarshan,mariupol,campaigning,tv,city,facilities,news,nuclear,online,feed,law,campaign
operation,ganga,india tv,watch,report,ground,india,russia,stream,borders,swing,dd,ground pressure,indians,ukraine,doordarshan,ceasefire,war,zone,nationals,students,online,zero,full,building
stream,day,ukraine,students,online,bucharest,doordarshan,india tv,watch,zero,report,ground,india,romania,situation,dd,border
polls,operation,fake,ganga,stand,watch,india,russia,world,stream,cricket,hour,passes,firm,dd,up,updates,strong,headlines,day law,doordarshan,campaigning,tv,facilities,news,icons,online,law,going
operation,stream,day,borders,ukraine,students,ganga,online,doordarshan,india tv,watch,zero,report,ground,india,situation,dd,border
operation,ganga,stand,modi,watch,india,russia,varanasi,stream,firm,dd,cantt,pm,doordarshan,tv,facilities,news,online,railway,law,station
operation,ganga,vote,modi,watch,india,new,stream,today,night,plant,dd,indians,rumours,ukraine,headlines,pm,hostage,doordarshan,zaporizhzhya,situation,fire,tv,news,online,feed
stream,news,slovakia,online,feed,new ground,doordarshan,poland,india tv,zero,india,ground,reports,watch,dd
stream,slovakia,online,no,doordarshan,tv,watch,zero,report,ground,india,embassy,stone,dd
stream,slovakia,online,feed,new india,speaks,doordarshan,ambassador,watch,zero,india,ground,tv,dd
operation,stream,ukraine,ganga,online,doordarshan,poland,watch,zero,report,ground,india,tv,dd,border
stream,updates,reviews,day,pm,online,feed,new ukraine,mid,doordarshan,modi,watch,situation,india,prime,tv,dd
operation,ganga,vote,modi,watch,india,new,stream,today,headlines today,night,plant,dd,indians,rumours,ukraine,headlines,pm,hostage,doordarshan,zaporizhzhya,situation,fire,tv,news,online,feed
operation,ganga,modi,watch,india,plant world,russia,new,stream,today,plant,dd,zaporizhzhia,ukraine,us,oligarchs,president,evacuation,doordarshan,sanctions,situation,tv,reviews,catastrophe,nuclear,online,feed,prevent
stream,briefing,online,feed,new india,mea,doordarshan,watch,video,india,dd,full,tv,press
test,odi,women,match,watch,india,lead,russia,world,new,stream,cup,buzz,dd,ban,doordarshan,fifa,tv,zealand,mohali,sports,online
ganga,putin,forces,watch,india,stream,op,growth,achieve,plant,dd,virtual,updates,indians,aim,ukraine,headlines,flights,pm,land,doordarshan,webinar,quad,fire,tv,macron,news,sustainable,nuclear,summit,online,energy power,will
operation,ganga,vs,world cup,modi,women,match,india,new watch,world,varanasi,new,stream,op,today,cup,cricket,plant,lanka,dd,updates,indians,ukraine,headlines,flights,pm,land,doordarshan,situation,fire,tv,zealand,news,students,nuclear,online,feed,icc,sri
ganga,vs,putin,world cup,women,modi,watch,forces,india,world,agriculture,stream,op,growth,achieve,cup,live,hour,plant,lanka,dd,virtual,updates,indians,aim,ukraine,headlines,flights,pm,land,doordarshan,webinar,quad,fire,tv,macron,news,sustainable,nuclear,online,summit,energy power,will,icc,sri
requirements,modi,watch,india,new,stream,growth,sources,energy,video,dd,vision,pm,doordarshan,webinar,road,tv,sustainable,online,feed,fulfillment,narendra,highlights,tradition
am,ganga,modi,watch,india,russia,aspects,op,stream,corridors,growth,energy,dd,items,updates,ukraine,flights,headlines,pm,land,doordarshan,webinar,tv,news,comprehensive,show,online,narendra,session
mea,lands,heft,watch,india,aircraft,stream,airforce,rumor,dd,indians,pm,doordarshan,quad,tv,airbase,news,online,summit,shield
stream,operation,indians,focus,flights,online,ganga,hours,doordarshan,watch,india,tv,dd
operation,ganga,modi,watch,india,govt,reports,varanasi,stream,night,meet,part,dd,indians,ukraine,headlines,pm,conflict,hostage,doordarshan,quad,tv,refutes,news,students,online,home,narendra
watch,gas,india,advice,russia,stream,reserves,energy,dollar,new india,crisis,exchange,europe,dd,needs,revenue,doordarshan,tv,online,feed
watch,india,crunch,stream,energy,dollar,crisis,indian,dd,oil,fall,brent,puri,doordarshan,tv,former,online,ambassador,perspective
stream,ideas,startups,online,manufacturing,doordarshan,women,watch,india,tv,dd
watch,india,russia,non,banks,stream,energy,payments,natural gas,crisis,interdependence,sector,europe,dd,countries,faceoff,doordarshan,sanctions,tv,west energy,online,western
sb,watch,india,russia,shares,stream,dd,gen,asthana,ukraine,doordarshan,situation,kulkarni,tv,online,sanjay,maj,perspective,lt
operation,stream,up,students,ukraine,ganga,pm,online,doordarshan,modi,watch,india,parts,tv,dd,varanasi,experiences
racist,exception,watch,india,media,report,russia,stream,coverage,journalist,dd,ukraine,story,conflict,doordarshan,amol,tv,parth,phenomenon,racism,online,projection,analyst
stream,nationals,briefing,ministry,flights,ukraine,online,hours,advisory,doordarshan,watch,india,dd,affairs,tv,press
operation,ganga,watch,india,world,russia,stream,swing,today,unga,crisis,dd,headlines,doordarshan,quad,tv,online,leaders,day today,meeting
stream,week,positivity,briefing,vaccine,ministry,covid,online,case,doordarshan,population,watch,india,dd,health,tv,press,dose
operation,ganga,sanction,mea,putin,modi,european war,watch,india,report,level,russia,no day,aspects,op,today,swing,unga,crisis,russian,union,resolution,items,invades,ukraine,headlines,pm,president,conflict,hostage,mid,sanctions,webinar,quad,situation,news,students,who,comprehensive,show,narendra,leaders,prime,day today,meeting
operation,assembly,ganga,mea,watch,report,india,russia,new,stream,flow,today,boycott,body,unga,up,dd,updates,election,headlines,elections,hostage,no,doordarshan,quad,situation,tv,news,sports,online,feed,phase,leaders,meeting
make,assembly,no russian,ganga,mea,putin,modi,watch,india,report,level,russia,world,stream,flow,live,high,hour,resolution,affairs,any,call,up,dd,updates,holds,ukraine,headlines,pm,elections,president,conflict,hostage,speaks,doordarshan,situation,tv,news,online,phase,full,meeting
make,front,modi,watch,india,world,internal,talks,stream,new,chance,trade,trade promotion,economy,dd,promotion,announcement,budget,pm,decisions,doordarshan,webinar,tv,significance,online,competence,feed,industry,narendra,bharat
operation,assembly,ganga,putin,modi,watch,india,level,russia,aspects,stream,flow,live,unga,high,russian,hour,breakfast,resolution,affairs,call,up,dd,updates,holds,ukraine,headlines,pm,elections,president,conflict,speaks,doordarshan,tv,news,relations,show,online,phase,full,meeting
stream,saga,struggle,online,tata,doordarshan,tv,watch,industrialist,india,jamsetji tata,freedom,dd
operation,stream,news,comprehensive,ganga,online,show,aspects,doordarshan,watch,india,tv,dd,items
stream,indians,online,reaches,doordarshan,watch,india,delhi,romania,tv,dd,flight
operation,conversation,ganga,watch,india,how,talks,stream,alok,dd,gen,evacuation,doordarshan,kulkarni,singh,tv,online,sanjay,lt,bansal
effect,operation,ganga,putin,modi,watch,russia sanctions,india,stream,dd,leave,us,pm,kharkiv,begin,president,doordarshan,iaea,war,tv,news,emergency,online,advisory,footing,airspace,meeting
stream,nationals,gen,rakesh,conversation,ukraine,online,doordarshan,bhat,lt,watch,munmun,perspective,india,sharma,tv,dd,talks
watch,india,stream,today,bucharest,night,union,siret,dd,minister,indians,flights,scindia,doordarshan,process,evacuation,briefs,border,tv,students,online,met,romania,conference
operation,effect,day,ganga,seventh,watch,india,russia,stream,night,dd,leave,ukraine,us,emergency meeting,kharkiv,begin,doordarshan,iaea,sanctions,war,border,tv,refugees,news,online,advisory,footing,airspace
japan,uk,sanction,watch,russia sanctions,india,world,russia,stream,today,sberbank,eu,transactions,part,orders,dd,oil,vessels,ports,break,doordarshan,bank,imports,tv,government,online,canada,switzerland,lender
conversation,munmun,watch,russia sanctions,india,russia,talks,stream,katoch,dhruv,dd,gen,ukraine,conflict,doordarshan,sanctions,bhat,tv,online,maj,perspective,economic
operation,ganga,watch,india,russia,world,stream,unga,crisis,part,set,invasion,dd,moscow,ukraine,us,doordarshan,war,tv,online,airspace,day today
operation,means,ganga,mea,passports,watch,india,russia,stream,dd,briefing,flights,kharkiv,conflict,certificates,doordarshan,tv,hrs,press,nationals,emergency,online
stream,gen,conversation,ukraine,online,ravi,doordarshan,bhat,lt,watch,munmun,situation,perspective,india,russia,tv,dd,talks
operation,ganga,mea,watch,india,russia,relief,talks,stream,peace,unga,dd,kremlin,parents,ukraine,us,doordarshan,war,tv,airbase,most,news,online,footing
operation,wolfgang,ganga,vishal,watch,india,stream,part,dd,role,ukraine,missions,president,doordarshan,ceo,interview,tv,indigo,news,students,online,correspondent
conversation,avoid,watch,india,sa,talks,stream,do,sense,approach,groups,dd,gen,ts,conflict,doordarshan,zones,war,buildings,tv,zone,hasnain,government,online,use,lt,civilians
gen,stream,exclusive,sudhakar,online,maj,expert,doordarshan,tv,watch,know,india,war,zone,dd
operation,ganga,watch,india,rtd,stream,sudhakar,new india,crisis,dd,gen,ukraine,discussion,doordarshan,tv,news,online,feed,maj,special
watch,india,rameshwar,russia,dg,stream,diplomat,experts,infantry,know,invasion,chakravarty,consequences,dd,gen,ukraine,ranjan,doordarshan,yadav,sr,pinak,tv,former,online,lt
operation,ganga,sanction,putin,modi,european war,air,india,russia,world,op,students union,speed,crisis,hour,invades,ukraine,remain,pm,president,evacuation,sanctions,webinar,base,biden,brings,news,students,show,narendra,leaders
operation,front,ganga,vs,america,modi,watch,russia,world,aspects,stream,speed,crisis,high,hindi,union,affairs,peak,took,dd,up,items,updates,announcement,ukraine,headlines,big,pm,technology,conflict,camera,doordarshan,ministers,webinar,tv,development,tamil,news,comprehensive,india news,show,online,bbc,phase,leaders
america,watch,india,russia,aspects,stream,crisis,breakfast,dd,items,updates,announcement,ukraine,headlines,doordarshan,webinar,tv,development,big breakfast,news,comprehensive,show,online
operation,ganga,modi,watch,india,repatriation,russia,world,aspects,stream,today,live,high,continue,peak,dd,items,updates,indians,from,ukraine,pm,technology,doordarshan,webinar,tv,issue,development,speed up,news,comprehensive,show,online,phase,leaders
stream,saga,fighter,talaash,struggle,online,doordarshan,tv,tribute,watch,india,freedom,dd
operation,captain,ganga,mea,putin,modi,zelenskyy,india,troops,russia,op,do,measures,expert,crisis,foreign,union,european,affairs,dd,rescue,minister,indians,ukraine,headlines,pm,defense,saxena,kharkiv,conflict,speaks,sanctions,kyiv,force,zone,dos,volodymyr,students,ministry,news,ambassador,air war,akhilesh,vladimir,secretary
operation,ganga,newsnight,mea,putin,modi,zelenskyy,don,troops,india,russia,talks,op,do,crisis,foreign,union,european,affairs,dd,rescue,gen,minister,lt gen,ukraine,headlines,ts,pm,kharkiv,conflict,sanctions,kyiv,war,kulkarni,force,zone,order,dos,volodymyr,ministry,news,people,vladimir,sanjay,ambassador,air war,situations,lt,secretary
operation,crimes,ganga,student,mea,putin,modi,zelenskyy,india,troops,level,russia,op,night,crisis,advance,indian,russian,foreign,union,european,affairs,dd,rescue,minister,updates,ai,ukraine,headlines,pm,kharkiv,conflict,evacuations,sanctions,kyiv,force,secretary,express,indigo,news,ministry,volodymyr,c17,spicejet,ambassador,air war,dies,vladimir,meeting
stream,today,captain,online,feed,saxena,ukraine today,new crisis,discussion,crisis,doordarshan,special,watch,india,akhilesh,world,tv,dd
operation,jaishankar,ganga,modi,watch,india,level,stream,live,high,dd,rescue,updates,ukraine,pm,europe tour,doordarshan,tv,news,online,meeting
stream,briefing,online,feed,new india,mea,doordarshan,watch,video,india,dd,full,tv,press
operation,ganga,modi,watch,india,level,world,stream,today,high,fighting,dd,ukraine,pm,one,doordarshan,forgive,tv,online,violence,meeting
operation,day,ganga,been,watch,india,russia,world,view,stream,borders,live,experts,crisis,set,issues,up,dd,updates,neighbouring,countries,ukraine,headlines,pm,mid,doordarshan,camps,war,tv,news,online,advisory,footing,embassy,violence,prime,calls
operation,nationals,stream,ganga,online,stone,doordarshan,watch,india,dd,tv,ganga stone
op,stream,ganga,online,mid,news day,footing,doordarshan,watch,india,war,prime,tv,dd
stream,oil crisis,crude,oil,exclusive,ukraine,cope,online,conflict,doordarshan,watch,prices,india,spiral,program,russia,tv,dd
summary,constrain,news live,supplies,gas,india,prices,watch,russia,exclusive,stream,impact,energy,crisis,experts,know,catch,sector,program,europe,dd,updates,oil,conflict,doordarshan,west,tv,west energy,relations,online
operation,tank,belarus,ganga,sanction,putin,modi,european war,weapons,india,diplomats,russia,world,talks,today,peace,crisis,un,uefa,union,updates,invades,ukraine,headlines,us,pm,remain,president,sanctions,webinar,fifa,war,news,students,show,canada,footing,narendra,violence,notice
operation,tank,belarus,ganga,sanction,putin,modi,european war,weapons,india,meetings,level,diplomats,russia,world,talks,today,peace,crisis,un,hour,uefa,union,updates,invades,ukraine,headlines,us,pm,remain,president,sanctions,webinar,fifa,brings,war,news,students,show,canada,footing,narendra,violence
summary,energy security,news live,watch,prices,india,russia,exclusive,stream,impact,crisis,program,dd,updates,oil,ukraine,conflict,doordarshan,tv,relations,online,spiral
summary,news live,watch,prices,india,russia,exclusive,stream,impact,energy,crisis,sector,program,dd,updates,oil,ukraine,conflict,sanctions,doordarshan,tv,relations,online,spiral
summary,news live,gas,prices,india,watch,russia,exclusive,stream,impact,energy,crisis,germany,interdependence,program,europe,dd,pipeline,updates,oil,ukraine,conflict,doordarshan,tv,relations,online,spiral
summary,news live,watch,prices,india,gas,russia,exclusive,nord,stream,impact,energy,crisis,germany,interdependence,program,europe,dd,pipeline,updates,oil,ukraine,conflict,doordarshan,tv,relations,online,spiral
summary,analysis,energy security,news live,watch,prices,india,russia,exclusive,stream,impact,crisis,experts,dd,updates,oil,ukraine,conflict,doordarshan,tv,domain,relations,online,spiral
stream,news,online,web,doordarshan,watch,breakfast,india,tv,dd,segment,review
stream,saga,fighter,struggle,patil,online,doordarshan,tv,tribute,watch,india,freedom,dd
stream,updates,news,comprehensive,show,pm,online,aspects,chairs,doordarshan,watch,meetings,breakfast,level,india,tv,dd,items
operation,stream,updates,news,comprehensive,ganga,online,show,aspects,footing,doordarshan,watch,india,war,tv,dd,items
watch,air,india,world,russia,stream,experts,tactics,dd,ukraine,conflict,doordarshan,strategy,superiority,tv,strategies,online,military,scenarios
japan,belarus,ganga,routes,putin,zelenskyy,watch,india,russia,weekend,stream,talks,peace,eu,night,chairs,poland,dd,ukraine,pm,curfew,doordarshan,sanctions,evacuation,kyiv,war,tv,hrs,order,membership,news,online,operation swift,olympic,meeting
stream,comparison,ukraine,online,world,conflict,doordarshan,strategy,watch,tactics,india,militaries,russia,tv,dd
stream,strategies,ukraine,online,world,conflict,doordarshan,strategy,watch,tactics,india,dd,russia,tv,scenarios
stream,chennai,conclave,budget,online,doordarshan,vazhikatti,watch,takeaways,india,session,tv,dd,tamil
operation,ganga,uk,watch,india,level,stream,post,terms,russian,union,dd,convoy,ukraine,budget,missions,pm,us,ministers,doordarshan,webinar,evacuation,kyiv,tv,strongest,most,news express,online,huge,move,meeting
stream,chennai,conclave,ecosystem,budget,online,india first,doordarshan,watch,india,digital,session,tv,dd
stream,briefing,online,mea,doordarshan,watch,india,tv,dd,press watch
stream,footballer,russia today,online,peace,casualties,tears,doordarshan,rouble,russia,watch,russian,india,war,world,tv,dd,talks
chennai,conclave,social,watch,india,new,stream,sector,agri,dd,budget,doordarshan,tv,aatma,online,reforms,agricultural,session,bharat
polls,chennai,ukr,conclave,casualties,modi,watch,india,level,fm,russia,talks,stream,post,peace,crisis,un,dd,ukraine,budget,pm,conflict,address,doordarshan,webinar,war,tv,news,emergency,online,poll,session,meeting,manipur
stream,minister,union budget,thakur,online,anurag,doordarshan,tv,watch,india,singh,dd,lauds
stream,chennai,conclave,budget,shakti,online,venturing,gati,doordarshan,watch,india,kaal,amrit,session,tv,dd
t20i,world cup,watch,india,carabao,stream,buzz,championship,title,silver,chelsea,spot,lanka,para,la,dd,beat,bilbao,doordarshan,wickets,grabs,liga,tv,liverpool,sports,online,barcelona,rankings,sri
stream,chennai,conclave,online,live,doordarshan,watch,india,tv,dd
stream,ka,union budget,chennai,conclave,budget,online,nuances,doordarshan,watch,viewers,india,tv,dd,aspects
year,fighter,watch,india,stream,sursee,rajendra,prasad,dd,segment,saga,president,doordarshan,section,tv,freedom,struggle,online,dr,tributes,day today
polls,operation,underway,chennai,support,ukr,conclave,ganga,modi,ukrainians,watch,fm,united,aspects,stream,expresses,live,hour,safety,dd,items,updates,indians,ukraine,election,headlines,pm,elections,conflict,address,doordarshan,crucial,tv,news,india news,show,online,helpline,phase,million,g7,is,manipur
polls,operation,chennai,conclave,ganga,watch,india,stories,level,stream,post,today,stakeholders,crisis,high,hour,meet,breakfast,affairs,dd,updates,holds,ukraine,headlines,budget,pm,doordarshan,webinar,tv,news,covid,online,phase,manipur
stream,souls,episode,online,mountains,doordarshan,meditation,watch,india,practice,buddhist,tv,dd
master,love,champion,chat,journey,match,grand,india,exclusive,episode,carlsen,champions,magnus,dd,chess,prodigy,speak,speaks,doordarshan,chess grandmaster,praggnanandhaa
operation,ganga,further,modi,watch,india,level,restrictive,russia,talks,stream,measures,night,meet,dd,ukraine,headlines,pm,doordarshan,taken,tv,news,online,narendra,economic
mumbai,journey,men,women,watch,india,stories,health,corner,episode,police squad,earth,aspirational,soldiers,hope,dd,motivation,innovation,humanity,life,pad,grit,ourselves,determination,nirbhaya,courage,mother,sacrifice
stream,pfaff,online,feed,doordarshan,netaji,anniversary,watch,new,india,anita,interview,birth,tv,dd,pose
operation,stream,indians,ukraine,ganga,online,mission,mea,crisis,doordarshan,evacuation,watch,video,india,dd,full,tv,press
stream,news,online,feed,doordarshan,australia,weapons,watch,india,new,connect,tv,dd,aid
stream,indians,news,online,feed,bucharest,evacuation,doordarshan,watch,india,leaves,connect,tv,dd,flight,new
stream,golden,online,feed,industry,impacted,doordarshan,film,indian,watch,bond,india,frames,james,tv,dd,new
operation,ganga,modi,india tv,watch,india,ki,mann,uttar,stream,aspects,pradesh,dd,items,ukraine,headlines,pm,elections,doordarshan,baat,nation,nationals,news,comprehensive,show,online
stream,saga,fighter,online,azad,freedom,fighters,february,shot,doordarshan,resolve,watch,tributes,india,chandrashekhar,tv,dd
stream,pm,online,nation,baat,modi,india tv,doordarshan,watch,india,ki,mann,dd
operation,stream,indians,news,comprehensive,ganga,online,show,aspects,evacuation,doordarshan,watch,india,delhi,tv,dd,flight,items
stream,minister,conversation,exclusive,online,state,external,doordarshan,watch,india,union,affairs,tv,dd
naval,week,ties,fleet,modi,india tv,watch,india,visakhapatnam,talks,stream,education,dd,pm,president,doordarshan,webinar,issue,afgan,online
stream,minister,indians,news,students,ukraine,mumbai,online,goyal,airport,batch,doordarshan,watch,india,union,piyush,tv,dd
operation,unhcr,motherland,day,welcome,vote,zelenskyy,watch,india,russia,vetoes,stream,night,attack,un,resolution,dd,back,ukraine,pm,president,speaks,doordarshan,war,tv,macron,news,online
stream,episode,online,soul,mountains,doordarshan,watch,india,tv,dd
stream,matter,motherland,indians,online,piyush goyal,doordarshan,satisfaction,watch,india,tv,dd
stream,minister,dd,indians,mumbai,online,airport,doordarshan,watch,india,union,piyush,tv,goyal
evacuees,vote,lavrov,putin,modi,zelenskyy,watch,russia sanctions,india,melitopol,stream,dd,from,ukraine,pm,president,doordarshan,tv,city,news,online,intense,romania
stream,diplomat,ashok,singh,former,online,facets,light,conflict,expert,crisis,doordarshan,watch,sr,india,russia,tv,dd
evacuees,vote,lavrov,putin,watch,india,melitopol,russia,srilanka,stream,post,today,t20,connect,dd,ukraine,budget,pm,doordarshan,sanctions,webinar,tv,city,news,online,intense,romania
stream,updates,news,comprehensive,show,online,lavrov,aspects,putin,sanctions,doordarshan,watch,india,tv,dd,items
vote,lavrov,putin,modi,match,watch,india,ind,stream,post,eu,crisis,indian,t20,sl,foreign,union,european,dd,minister,updates,ukraine,budget,headlines,pm,president,sanctions,doordarshan,webinar,tv,news,online,narendra,romania
management,modi,webinars,watch,india,health,stream,post,welfare,family,sector,union,para,dd,minister,sectors,budget,pm,technology,address,doordarshan,webinar,ministers,medics,professionals,tv,research,ministry,online,occasion,narendra,prime,series
evacuees,conclave,vote,lavrov,putin,watch,india,health,ind,aspects,stream,union budget,impact,hour,sl,sector,t20,union,affairs,up,dd,items,ukraine,defence,headlines,budget,doordarshan,webinar,sanctions,tv,gorakhpur,news,show,online,romania
week,countrywide,watch,india,bhavan,stream,tuesday,achievements,locations,exhibitions,science festival,country,union,festival,dd,minister,newdelhi,fields,technology,doordarshan,events,delhi,tv,singh,government,online,jitendra,science
path,regret,vote,sanction,lavrov,putin,diplomacy,modi,watch,russia sanctions,india,health,stream,post,matter,security,crisis,un,pentagon,foreign,union,affairs,dd,minister,invades,ukraine,headlines,budget,pm,us,president,sanctions,doordarshan,webinar,war,tv,sergei,aid,permanent,news,students,ministry,online,representative,narendra,vladimir
munmun,watch,india,russia,stream,diplomat,expert,crisis,dd,ashok,facets,light,conflict,doordarshan,sr,bhat,tv,former,online
stream,sense,dialogue,conversation,impact,online,experts,sanctions,doordarshan,sakal,watch,india,bhat,russia,tv,dd
watch,india,professor,russia,world,stream,dialogue,unnikrishnan,crisis,dd,ukraine,nandan,president,doordarshan,bhat,chaulia,tv,sreeram,online,sakal
conversation,survive,watch,india,russia,aspects,stream,dialogue,impact,actions,experts,crisis,assessment,dd,ukraine,conflict,edge,sanctions,doordarshan,host,bhatt,tv,can,online,sakal
covid australia,forces,watch,russia sanctions,india,world,grip,stream,hong,kong,invasion,scan,financial,dd,ukraine,doordarshan,investigation,biden,tv,want,online,leaders,full
stream,nationals,ukraine,online,explanation,detail,crisis,doordarshan,watch,meghna,india,govt,dev,issues,russia,tv,dd
stream,impact,perceptions,online,narratives,run,sanctions,doordarshan,watch,india,war,russia,tv,dd
ukrainians,watch,india,counterpart,russia,talks,stream,emphasis,gain,nato,night,champions,un,call,dd,gp,bolsters,agency,defence,pm,no,eastern,doordarshan,evacuation,momentum,tv,flank,news,online,million,arms,assets
size,watch,india,president putin,stream,dialogue,tools,impact,security,invasion,dd,disposal,ukraine,sanctions,doordarshan,west,tv,are,online,scope,national
window,watch,india,russia,aggression,world,stream,action,aatmanirbharta,call,dd,updates,ukraine,defence,doordarshan,kyiv,tv,express,explosions,news,online
window,day,watch,india,world,russia,stream,top,today,attack,crisis,assault,financial,dd,updates,ukraine,headlines,conflict,doordarshan,kyiv,sanctions,biden,tv,braces,online,news today
litre,day,mea,putin,modi,ukrainians,watch,prices,india,zelensky,russia,aspects,stream,update,dialogue,today,team,nato,price,appeals,live,un,meet,invasion,financial,dd,items,updates,indians,thursday,oil,ukraine,headlines,pm,chart,council,president,conflict,mid,doordarshan,sanctions,biden,extraordinary,war,tv,issue,news,comprehensive,show,online,youtube,prime,heads
mea,ukrainians,watch,india,zelensky,russia,stream,dialogue,team,nato,aatmanirbharta,meet,financial,dd,thursday,indians,defence,pm,doordarshan,sanctions,biden,extraordinary,issue,tv,news,online,heads
watch,india,general,professor,russia,exclusive,stream,amidst,major,expert,crisis,foreign,affairs,dd,gen,ukraine,defence,doordarshan,situation,chaulia,meston,tv,strategic,sreeram,online,sanjay
explosions,back,ukraine,upload,video phone,ukraine crisis,camera,crisis,russia
match,watch,india,russia,aspects,stream,talks,visit,today,nato,reliance,beat up,hour,t20,solve,propaganda,lanka,summer,defence news,dd,items,updates,from,memorial day,pm,president,doordarshan,webinar,assam,tv,anniversary,self reliance,issue,self,through,show,online,phase,national,sri
litre,return,putin,modi,watch,prices,india,russia,world,stream,today,price,live,crisis,un,russian,dd,updates,oil,ukraine,headlines,pm,chart,president,doordarshan,sanctions,biden,war,tv,aid,news,students,online,youtube
morning,ist,ukraine,coverage,conflict,crisis,watch,video,visuals,india,full,russia,station,dd
putin,modi,watch,prices,india,russia,stream,appeals,russian,surge,dd,indians,priority,envoy,ukraine,headlines,barrel,pm,world oil,us,president,conflict,martial,evacuation,doordarshan,tv,news,students,online,citizens,law
watch,russia sanctions,india,supplies,banks,stream,nato,impact,term,energy,dd,doordarshan,biden,nation,tv,steps,president joe,online,allies,addresses
modi,watch,india,russia,concerns,world,stream,dialogue,nato,attack,safety,differences,dd,ukraine,pm,president,doordarshan,all,tv,online,citizens,leaders,vladimir
cobra,jaishankar,capital,massive,uk,watch,india,russia,plans,stream,nato,eu,russian,dd,ukraine,defence,pm,europe tour,sanctions,doordarshan,kyiv,planes,tv,emergency,online,military,package,calls,meeting
stream,nato,ukraine,defence,online,summit,friday,no,doordarshan,watch,india,troops,members,tv,dd,plans
stream,captain,online,views,putin,doordarshan,operations,decision,watch,india,tv,dd,bansal
stream,protests,sipri,warns,online,associate,researcher,dr,petr,doordarshan,watch,sr,india,war,russians,tv,dd,moscow
jaishankar,ties,putin,watch,india,russia,stream,global,security,night,chairs,attack,operations,cabinet,resolution,dd,moscow,indians,countries,ukraine,pm,europe tour,evacuations,doordarshan,tv,committee,news,online,committed,reactions,meeting
gen,stream,syed,former,goc,online,ukraine crisis,crisis,doordarshan,corps,watch,ata,india,lt,russia,tv,dd,hasnain
modi,watch,india,russia,stream,nato,coverage,chairs,crisis,cabinet,part,invasion,dd,ukraine,pm,doordarshan,tv,online,meeting
stocks,forces,watch,india,russia,world,stream,global,coverage,crisis,russian,part,invasion,dd,zelenskiy,oil,ukraine,doordarshan,tv,online,leaders
people,ukraine,stations,crisis,metro,russia,shelter
operation,north,watch,india,troops,reports,russia,world,stream,borders,coverage,columns,attack,crisis,dd,ukraine,council,doordarshan,atlantic,statement,tv,online,military,reactions,condemnation
attacks,stream,nato,ukraine,online,doordarshan,watch,india,dd,russia,tv,press,conference
litre,operation,stocks,day,putin,watch,prices,india,russia,concerns,aspects,stream,today,price,attack,live,dd,items,updates,oil,ukraine,headlines,us,chart,president,mid,doordarshan,war,tv,news,comprehensive,show,online,reactions,youtube,allies,prime
operation,points,watch,india,russia,concerns,sensex,world,stream,agriculture,nifty,shelling,dd,ukraine,pm,official,doordarshan,webinar,tv,others,news,people,online,military,allies,smart
ukraine,strikes,international,airport,ivano,blast,visuals,russia
stream,ukraine,online,dr,address,doordarshan,ambassador,watch,igor,india,tv,dd
agriculture,union budget,stream,scheme,pm,online,address,doordarshan,modi,narendra,watch,sector,loan,india,tv,dd
stream,timeline,ukraine,online,military,doordarshan,operations,know,watch,india,russia,tv,dd
malik,nawab,watch,india,russia,sensex,aspects,stream,nifty,ed,league,crisis,champions,hour,t20,lanka,affairs,up,dd,items,updates,ukraine,march,elections,custody,doordarshan,round,war,tv,over,news,crises,show,online,tanks,till,series
agriculture,stream,updates,news,comprehensive,show,online,aspects,doordarshan,webinar,watch,breakfast,india,tv,dd,items
stream,saga,struggle,rowlatt,online,acts,doordarshan,tv,watch,sabha,satyagraha,india,freedom,dd
stream,updates,news,comprehensive,show,online,aspects,crisis,doordarshan,watch,india,russia,tv,dd,items
stream,news,security,emergency,online,feed,council,state,night,doordarshan,watch,india,declaration,tv,dd,new
minutes,stream,news express,express,news,online,feed,doordarshan,watch,india,stories,tv,dd,new
state,putin,watch,india,world,new,stream,emergency declaration,today,security,appeals,country,dd,official,council,doordarshan,sanctions,kyiv,nations,tv,days,emergency,online,feed,circle
stream,master,sports,pm,online,buzz,feed,doordarshan,modi,praggnanandhaa,watch,new,india,grand,tv,dd,wishes
positive,assembly,watch,air,vaccination,india,russia,aspects,stream,up,dd,items,crores,updates,headlines,budget,pm,elections,us,president,doordarshan,sanctions,webinar,biden,kyiv,mark,delhi,members,tv,news,comprehensive,show,online,phase,joe,flight
positive,assembly,watch,air,india,russia,aspects,stream,hour,up,dd,items,updates,budget,headlines,pm,elections,us,president,doordarshan,sanctions,webinar,biden,kyiv,delhi,members,tv,news,comprehensive,show,online,phase,joe,flight
stream,saga,online,freedom,teacher,gadge,maharaj,doordarshan,watch,tributes,india,public,tv,dd
stream,impact,budget,pm,online,address,doordarshan,modi,webinar,watch,rural,india,dd,full,tv,development
stream,tuesday,ai,students,ukraine,online,night,doordarshan,watch,air,india,report,tv,dd,flight
assembly,kiev,watch,air,india,russia,aspects,stream,hour,breakfast,up,dd,items,updates,headlines,us,elections,president,doordarshan,sanctions,biden,delhi,members,tv,news,show,online,phase,joe,flight
stream,analysis,news,online,time,feed,night,doordarshan,watch,india,stories,tv,dd,new
conversation,watch,india,shares,parks,krithi,stream,studies,wildlife,tiger,dd,age,karanth,centre,doordarshan,scientist,tv,online,conservation,life story,jungles
stream,analysis,get,online,feed,doordarshan,watch,program,india,world,tv,dd,news today,new
day,justice,diplomacy,afghanistan,need,watch,india,govt,stream,shipment,sikh,crisis,hour,lanka,wheat,petrol,dd,updates,ukraine,headlines,accounts,doordarshan,parts,tv,online,move,meeting,sri
stream,online,feed,consignment,doordarshan,watch,new,india,wheat,tv,dd,aid
stream,online,feed,doordarshan,flags,watch,new,india,dd,harsh,aid,tv,secretary,border
stream,naval,online,fleet,president,event,doordarshan,watch,india,full,tv,dd,review
capital,justice,putin,afghanistan,watch,india,media,russia,stream,today,concern,shipment,sikh,crisis,wheat,orders,dd,websites,updates,headlines,president,accounts,doordarshan,war,tv,news,online,apps
lieutenant,watch,india,troops,general,russia,stream,today,security,territories,peace,crisis,un,ata,resolution,dd,occupation,ashok,zelenskiy,ukraine,council,president,ramachandran,conflict,eastern,doordarshan,ramesh,tv,order,hasnain,former,news,emergency,volodymyr,online,ambassador,highlights,key,syed,meeting
stream,stories,news,show,online,aspects,conflict,doordarshan,hour,watch,india,breakfast,resolution,russia,tv,dd,items
stream,updates,news,emergency,ukraine,show,online,aspects,doordarshan,hour,watch,india,dd,tv,meeting,items
edu,mankad,parallel,chairman,breakaway,yogesh,watch,education city,india,chair,vc,united,stream,sudhir,sandhu,gift,states,shri,university,dd,co,srinivas,doordarshan,webinar,delhi,tv,singh,city,institutions,ministry,developing,moderator,online,message,ambassador,session,vi,educational
stream,updates,online,time,feed,night,doordarshan,news nation,watch,india,world,tv,dd,new
indo,stream,picture,online,feed,doordarshan,india tv,watch,india,dd,new
stream,express,news,online,feed,doordarshan,topics,watch,india,stories,tv,dd,new
stream,minister,dd,uae,cepa,players,online,industry,feed,doordarshan,watch,india,union,piyush,tv,goyal,new
stream,today,online,feed,doordarshan,watch,program,stories,india,world,tv,dd,new
stream,updates,sports,online,feed,buzz,doordarshan,watch,india,world,tv,dd,new
day,international,vs,fleet,putin,modi,putin biden,match,watch,india,troops,russia,aspects,new,today,impact,education,equipment,navy news,illumination,t20,beijing,union,deployments,items,case,minister,updates,plane,ukraine,budget,pm,defense,chinese,president,mid,webinar,presidential,biden,investigation,war,west,review,runs,news,comprehensive,students,show,indies,highlights,man,prime,series
stream,naval,reviews,online,fleet,president,doordarshan,watch,india,ram kovind,part,nath,tv,dd,review
stream,navy,online,ram,fleet,president,ram fleet,address,doordarshan,presidential,watch,india,full,nath,tv,dd,review
stream,navy,updates,jaishankar,news,online,fleet,europe tour,doordarshan,presidential,watch,breakfast,india,tv,dd,review
stream,updates,education ministry,news,pm,online,address,doordarshan,webinar,watch,india,tv,dd
navy,naval,fleet,watch,report,ground,india,exclusive,stream,staff,chief,indian,visuals,dd,kumar,president,preparations,doordarshan,adm,interview,tv,online,hari,review
stream,analysis,news,online,feed,night,doordarshan,watch,india,stories,world,tv,dd,new
stream,updates,news,get,online,feed,doordarshan,tv,watch,india,world,connect,depth,dd,new
naval,navy,conversation,fleet,service,india tv,watch,india,theme,visakhapatnam,editor,exclusive,stream,years,staff,chief,dd,kumar,president,doordarshan,adm,nation,bhatt,online,event,sakal,feb,hari,place,review
intimidation,watch,india,counterpart,police,talks,stream,aspects,security,restraint,morrison,china news,dd,items,updates,ukraine,headlines,protestors,leader,doordarshan,tv,news,comprehensive,act,show,online,ottawa,guarantees,g7,clash
day,ties,times,vs,odi,t20i,india,statehood,counterpart,world,china,today,mizoram,restraint,attack,arunachal,pradesh,china news,up,punjab,updates,opinion,response,ukraine,defence,election,bjp,west ukraine,west,relations,news,seats,indies,phase,highlights,g7,poll,manipur,series
stream,day,pm,online,arunachal,message,modi,doordarshan,pradesh,india,statehood,watch,tv,dd
stream,saga,jaishankar,amrita,struggle,online,europe tour,doordarshan,patrika,tv,watch,india,bazar,paper,freedom,dd
jaishankar,watch,vaccination,india,crore,aspects,stream,coverage,hour,dd,items,updates,europe tour,doordarshan,mark,tv,news,show,online
stream,updates,news,comprehensive,show,online,aspects,doordarshan,watch,india,counterpart,tv,dd,news today,items
stream,jaishankar,security,online,feed,doordarshan,watch,india,conference,tv,dd,new
sudhir,stream,amb,ex,relations,online,feed,diplomacy,suri,doordarshan,watch,india,tv,dd,new
stream,analysis,news,online,time,feed,night,doordarshan,watch,india,stories,tv,dd,new
stream,week,online,feed,doordarshan,india tv,watch,india,dd,new
india times,hijab,street,row,report,media,new watch,india,communicator,bias,protest,york,post,stream,episode,coverage,time,goa,journal,trudeau,yardstick,up,dd,scan,truck,farmers,doordarshan,washington,west,tv,wall,voting,justin,online,bbc,canada
stream,news,online,feed,sports world,doordarshan,watch,india,overview,tv,dd,new
stream,updates,news,online,doordarshan,hour,watch,india,stories,tv,dd
stream,news,pm,online,doordarshan,modi,plant,watch,india,tv,dd
stream,online,feed,doordarshan,news nation,watch,india,stories,world,connect,tv,dd,new
focus,housing,municipal,modi,watch,india,way,stream,vijay,adviser,energy,deputy,experts,chief,plant,ag,affairs,dd,pm,environment,corporation,biogas,doordarshan,indore,commissioner,scientist,tv,rao,bio,ministry,dombivali,urban,online,suryavanshi,ravinder,dr,area,jb,asia,benefits,kalyan
win,jaishankar,uae,putin,modi,match,watch,india,stream,security,february,plant,t20,dd,agreement,ukraine,headlines,us,cepa,pm,president,doordarshan,munich,tv,news,wi,bio,online,thriller,conference,sign
amongst,national parks,cheetahs,watch,india,parks,stream,sites,years,palpur,pradesh,dd,doordarshan,kuno,madhya,tv,online,national,park
analysis,uae,news program,watch,india,stories,sentence,stream,security,trade,pact,night,crisis,meet,dd,case,ukraine,ahmedabad,doordarshan,blast,crucial,munich,tv,historic landmark,online
uae,watch,india,stories,stream,gift,sikh,dd,pm,cepa,doordarshan,tv,news,people,summit,online,railway,maharashtra,community,sign
uae,modi,watch,india,zayed,bin,stream,mohamed,dd,countries,agreement,crown,pm,prince,doordarshan,partnership,tv,landmark,indo,comprehensive,summit,online,narendra,economic
stream,top,news express,online,feed,doordarshan,topics,watch,india,stories,tv,dd,globe,new
stream,analysis,online,feed,doordarshan,watch,program,stories,india,world,tv,dd,news today,new
watch,business,india,d2c,individuals,rise,stream,episode,gautam,khatri,dd,gujrati,neha,story,co,pankaj roy,gaurav,jatin,doordarshan,businesses,ceo,tv,noise,four,ideas,strategies,garg,startups,online,founder,brands,head
product,definition,watch,business,india,parties,d2c,individuals,rise,consumer,stream,episode,gautam,khatri,develop,consumers,term,distributors,manufacture,dd,gujrati,brand,neha,services,story,co,pankaj roy,products,gaurav,jatin,doordarshan,process,businesses,ceo,tv,noise,four,ideas,startups,garg,online,founder,brands,head,sale
stream,updates,sports,online,feed,buzz,doordarshan,watch,india,world,tv,dd,new
stream,pm,online,feed,railway,lines,doordarshan,modi,diva,watch,india,nation,thane,tv,dd,new
gardens,day,uae,vs,planning,modi,watch,india,russia,aspects,new,eden,sikh,t20,meet,thane,items,updates,ukraine,us,pm,mid,prime,thana,distance,delhi,west,shots,news,people,comprehensive,show,indies,railway,projects,kolkata,diva,highlights,line,community
uae,planning,watch,india,russia,stream,eyes,team,warns,gift,germany,dd,updates,summit series,headlines,ukraine,france,doordarshan,tv,news,online,railway,maharashtra,feb,yous
uae,watch,india,stream,eyes,team,gift,germany,hour,dd,updates,summit series,headlines,france,doordarshan,tv,news,online,railway,maharashtra,feb
uae,watch,india,stream,gift,germany,breakfast,dd,updates,headlines,france,doordarshan,tv,news,summit,online,railway,maharashtra,feb
navy,stream,saga,struggle,online,doordarshan,indian,tv,watch,india,royal,freedom,dd,revolt
stream,analysis,news,online,feed,night,doordarshan,watch,india,stories,tv,dd,new
stream,ideas,innovators,online,future,brands,doordarshan,india tv,watch,india,program,nation,d2c,dd,rise
stream,news express,online,feed,doordarshan,watch,program,stories,india,genres,tv,dd,new
stream,updates,online,feed,doordarshan,watch,india,stories,world,tv,dd,news today,new
stream,online,feed,buzz,sports world,doordarshan,watch,india,stories,tv,dd,new
jakarta,jaishankar,watch,grain,india,stories,finance,stream,nato,counterparts,eu,record production,defence minister,meet,agri,dd,food,ukraine,ministers,doordarshan,meeting,tv,news,online,leaders,g20
stream,dd,visit,media,jaishankar,spokesperson,online,feed,mea,doordarshan,watch,india,briefs,bagchi,tv,europe,new
operation,jakarta,day,route,steel,watch,india,finance,russia,aspects,stream,nato,shipment,deescalation,chief,russian,meet,venezuela,dd,items,updates,headlines,co,mid,de,doordarshan,tv,escalation,news,comprehensive,show,online,leaders,prime,g20,sign
polls,record,production,rites,watch,india,aspects,crisis,germany,peak,dd,grains,items,updates,food,ukraine,us,states assembly,restrictions,legislative,news,comprehensive,show,bihar,lahiri,centenary,flight,building
polls,win,watch,india,level,russia,new,stream,nato,years,crisis,chief,noaa,hour,deployments,peak,dd,updates,sea,ukraine,election,headlines,us,states assembly,centre,doordarshan,restrictions,amend,wicket,kushinagar,tv,satellite,escalation,news,people,covid,online,feed,foot,campaign,sign
assembly,watch,india,stream,crisis,germany,du,peak,dd,updates,ukraine,us,headlines,news breakfast,doordarshan,tv,classes,online,offline
stream,saga,fighter,struggle,online,naga,leader,doordarshan,tv,feb,rani,india,watch,gaidinliu,freedom,dd
assembly,watch,india,stream,crisis,germany,programme,du,peak,dd,updates,ukraine,us,headlines,doordarshan,tv,classes,news,literacy,online,offline
bollywood life,isa,parliament,obeisance,diplomacy,watch,prices,india,disco,russia,stream,energy,night,crisis,trudeau,dd,pm,doordarshan,trinity,biden,war,guru,tv,news,online,ravidas,sri
rajat,watch,india,thrust,stream,economy,experts,talk,chandrashekhar,part,dd,gov,information,sectors,technology,doordarshan,tv,former,economist,ministry,push,online,electronics,digital india
anti,mandate,modi,grand,watch,india,troops,police,world,russia,youth,protest,stream,vaccine,development today,chief,hong,surge,kong,israeli,dd,ukraine,slams,pm,president,new day,doordarshan,tv,zealand,bahraini,djokovic,teri,summit,online,cases,covid,ottawa,jab
watch,india,russia,world,stream,warns,consequences,dd,pm,doordarshan,biden,nations,dire,delhi,tv,development,guru,dham,news express,teri,summit,online,fy,ravidas,temple
stream,teri,summit,pm,online,doordarshan,modi,watch,india,dd,world,tv,development
vs,t20i,australia,watch,india,stream,buzz,uefa,lanka,inter,dd,cl,beat,west india,doordarshan,milan,wickets,tv,liverpool,manchester,city,secure,sports,online,psg,kolkata,sri,series
ravi,shipyard,india,aspects,stream,crisis,cabinet,birth,dd,items,case,updates,ukraine,watch out,headlines,doordarshan,look,nation,anniversary,tv,news,comprehensive,show,online,abg,yous
stream,drug,online,doordarshan,watch,bust,india,delhi,police,tv,dd
modi,watch,india,aspects,stream,music,crisis,hour,affairs,birth,dd,items,ready,updates,ukraine,headlines,election,pm,us,doordarshan,inaugurate,campaigning,anniversary,tv,development,singer,guru,news,sustainable,show,summit,online,ravidas,lahiri,composer
bagh,jaishankar,prays,modi,watch,india,new,stream,karol,dd,pm,europe tour,doordarshan,delhi,tv,guru,dham,online,ravidas,temple
ravi,watch,india,aspects,stream,concern,expresses,crisis,hour,cabinet,breakfast,birth,dd,items,updates,ukraine,headlines,pm,doordarshan,situation,nation,anniversary,tv,development,news,show,summit,online,somalia,yous
stream,saga,struggle,online,man india,freedom,mitra,doordarshan,watch,india,tv,dd
ravi,shipyard,news nation,india,aspects,stream,crisis,cabinet,birth,dd,items,case,updates,ukraine,watch out,headlines,doordarshan,look,nation,guru,tv,anniversary,news,comprehensive,show,online,abg,ravidas,yous
watch,india,stop,general,orf,russia,fellow,stream,dialogue,major,unnikrishnan,crisis,expert,indian,distinguished,affairs,dd,malhotra,ukraine,nandan,conflict,decoding,doordarshan,ajai,meston,tv,strategic,former,show,online,sanjay,ambassador
possibility,watch,india,troops,general,orf,russia,stop,fellow,stream,dialogue,major,unnikrishnan,crisis,expert,indian,distinguished,affairs,dd,malhotra,ukraine,nandan,conflict,decoding,doordarshan,ajai,meston,tv,strategic,escalation,former,show,online,sanjay,ambassador
watch,india,stop,general,orf,russia,fellow,stream,dialogue,major,unnikrishnan,crisis,expert,indian,distinguished,resolution,affairs,dd,malhotra,ukraine,nandan,decoding,doordarshan,ajai,war,meston,tv,strategic,former,show,online,sanjay,ambassador
stream,project,launches,teams,dir,online,doordarshan,watch,anuradha,india,tk,tv,dd
stream,self,online,space technology,space,technology,doordarshan,watch,anuradha,india,tk,reliant,tv,dd,how
protests,shipyard,shows,watch,india,uttar,stream,talks,secretariat,night,crisis,trudeau,pradesh,congress,dd,case,punjab,indians,ukraine,big,lookout,bjp,centre,doordarshan,power,road,tv,news,emergency,online,abg,advisory,blow,g20
satellite,stream,project,online,centre,isro,doordarshan,director,tv,watch,india,anuradha,tk,shares,dd,experiences
conversation,launches,woman,director,watch,india,programmes,tk,stream,meet,anuradha,dd,project,teams,official,isro,doordarshan,tv,online,first
watch,india,stop,general,orf,russia,fellow,stream,standoff,dialogue,major,unnikrishnan,crisis,expert,indian,distinguished,affairs,dd,malhotra,ukraine,nandan,decoding,doordarshan,ajai,meston,tv,strategic,former,show,online,sanjay,ambassador
terrorism,protests,need,watch,india,russia,world,standoff,stream,measures,today,office,price,trudeau,dd,ukraine,consultations,doordarshan,season,tv,emergency,djokovic,online,quell,italy
protests,saudi,oscars,forces,watch,india,stream,powers,candidates,race,favourite,dd,pm,prize,doordarshan,korea south,tv,news express,commander,online,canada,fan
rajat,india tv,watch,economics,india,professor,shiv,thrust,department,stream,gaming,episode,dean school,economy,experts,indian,sector,chandrashekhar,part,university,dd,social gaming,information,nadar,speak,sciences,technology,doordarshan,digital,banking,former,online,dr,boost,humanities,secretary
authority,social,rajat,economics,watch,india,professor,shiv,thrust,stream,episode,etc,school,economy,experts,indian,healthcare,chandrashekhar,part,financial,university,dd,dean,information,nadar,services,sectors,sciences,speak,technology,doordarshan,digital,tv,former,regulatory,push,education department,online,dr,railways,humanities,secretary
gets,social,rajat,economics,watch,india,professor,shiv,thrust,department,stream,episode,dean school,economy,experts,indian,booster,chandrashekhar,part,university,dd,information,nadar,speak,sciences,technology,doordarshan,digital,tv,dose,former,online,dr,humanities,secretary
odi,t20i,women,watch,india,west indies,world,sunder,stream,queenstown,cup,price,buzz,money,dd,beat,doordarshan,tv,zealand,djokovic,sports,online
medicine,malik,chat,need,watch,india,doses,professor,questions,doctor,department,stream,exclusive,safdarjung,vaccine,rupali,raheja,associate,hospital,pant,sm,dd,covid19,medical,doordarshan,superintendent,intranasal,tv,former,online,rationale,dr,progress
medicine,malik,chat,need,watch,india,professor,department,doctor,plans,stream,exclusive,safdarjung,rupali,raheja,associate,hospital,pant,sm,booster,dd,covid19,adults,medical,doordarshan,all,superintendent,tv,shots,former,online,dr
medicine,malik,chat,watch,india,professor,department,doctor,exclusive,stream,safdarjung,efficacy,rupali,raheja,associate,hospital,talk,pant,sm,booster,potency,dd,medical,against,hospitalisation,doordarshan,superintendent,tv,shots,protection,former,online,dr
stream,nationals,updates,news,ukraine,comprehensive,show,online,aspects,advisory,doordarshan,watch,india,tv,dd,items
stream,sports fitness,school,online,doordarshan,watch,nationwide,quiz,india,children,tv,dd
stream,saga,chandra,fighter,struggle,online,freedom,doordarshan,tv,watch,india,bordoloi,dd
stream,treatment,former,pm,online,ayurvedic,doordarshan,india tv,watch,india,daughter,dd,kenyan
stream,updates,uttarakhand,news,polling,comprehensive,show,online,aspects,doordarshan,watch,breakfast,india,tv,dd,items
stream,updates,news,comprehensive,show,online,aspects,items,indies,doordarshan,watch,india,west,tv,dd,series
watch,india,orf,russia,fellow,stream,talks,chance,sibal,unnikrishnan,distinguished,foreign,dd,ukraine,nandan,conflict,ramachandran,doordarshan,ramesh,tv,former,kanwal,online,secretary
protests,ends,watch,india,fm,russia,standoff,stream,talks,pulwama,uttarakhand,goa,night,board,attack,dd,third,directors,convoy,doordarshan,isro,rbi,satellites,philippines,freedom,anniversary,tv,news,online
stream,boosters,alternative,protection,efficacy,online,chat,shot,doordarshan,strategy,tv,watch,booster,india,months,potency,dd,doctor
day,venice,watch,india,troops,zelensky,aircraft,stream,parade,action,tonnes,poland,dd,ammunition,ukraine,scholz,president,carnival,doordarshan,season,arrive,tv,express,news,online,place
steinmeier,jaishankar,launches,c52,watch,india,fm,russia,world,standoff,stream,bengaluru,today,walter,board,re,dd,directors,ukraine,president,isro,doordarshan,ipl,rbi,frank,philippines,tv,online,dr,auction
epl,men,watch,india,stream,buzz,league,dd,beat,doordarshan,ipl,tv,liverpool,burnley,most,sports,online,kishan,ishan,player
polls,underway,day,c52,watch,india,fm,finance,uttar,stream,aspects,top,uttarakhand,polling,goa,uttarakhand day,board,pradesh,up,dd,items,directors,minister,updates,us,elections,mid,doordarshan,isro,rbi,biden,tv,news,comprehensive,show,online,commitment,phase,prime
watch,nirmala,india,das,finance,new,stream,governor,today,central,board,dd,directors,minister,pc,doordarshan,rbi,delhi,tv,press,online,place,conference,meeting
c52,watch,india,russia,aspects,stream,uttarakhand,mega,polling,goa,states,hour,up,dd,items,updates,ukraine,headlines,us,elections,schools,doordarshan,ipl,biden,tv,news,show,online,commitment,phase,auction
sarg,stream,conversation,online,feed,sbi,shipyard,md,doordarshan,watch,india,risk,compliance,fraud,tv,dd,new
sarg,stream,online,feed,sbi,shipyard,md,doordarshan,watch,india,risk,compliance,fraud,tv,dd,new
sarg,stream,swaminathan,online,feed,abg,sbi,md,doordarshan,company,watch,india,risk,compliance,tv,dd,new
stream,analysis,news,online,feed,night,doordarshan,watch,india,stories,tv,dd,globe,new
democracy,stream,updates,news,pm,online,feed,danger,doordarshan,watch,india,nepotism,connect,tv,dd,new
stream,episode,scheme,focus,online,discussion,fame india,phase,doordarshan,watch,fame,dd,india,tv,ii
stream,updates,uttarakhand,news,show,online,goa,aspects,phase,doordarshan,hour,watch,india,tv,dd,items
hijab,vs,question,watch,india,media,stream,zaidi,amber,dd,classroom,response,institution,doordarshan,interview,freedom,tv,identity,online,nobody,debate
activist,hijab,student,vs,india tv,watch,india,media,stream,zaidi,amber,politicization,dd,doordarshan,interview,involvement,wing,agenda,online,highlights,debate
core,hijab,vs,soman,watch,ms,india,media,zakia,stream,issues,dd,muslim,bharatiya,doordarshan,host,mishra,uniform,tv,smita,andolan,online,founder,debate
hijab,vs,detail,india tv,watch,ms,india,media,zaidi,stream,amber,part,scan,dd,doordarshan,host,mishra,uniform,issue,smita,online,headline
stream,updates,news,comprehensive,election,commission,online,show,aspects,restrictions,doordarshan,watch,india,tv,dd,items
stream,saga,struggle,online,freedom,bhagat,doordarshan,watch,india,tv,dd
stream,jaishankar,online,europe tour,sports world,doordarshan,watch,india,stories,overview,tv,dd
jaishankar,ontario,australia,watch,india,stories,russia,china,stream,dials,night,talk,trudeau,dd,ukraine,president,europe tour,doordarshan,take,biden,quad,situation,tv,globe,news,emergency,online,blockade,canada,yous
hijab,commission,vs,state,controversy,soman,india tv,watch,dress,india,media,ms,zakia,kashmir,hc,zaidi,stream,episode,post,polling,amber,regrets,didi,assemblies,dd,scan,up,lata,election,interviews,no,doordarshan,mishra,nation,smita,others,order,online,hyundai,karnataka,debate,curbs
comments,jaishankar,mea,region,australia,watch,india,south,rise,indo pacific,stream,security,indian,india ocean,issues,connect,dd,europe tour,matters,strategy,doordarshan,tv,news,online,asia
edu,comments,code,mea,kannauj,modi,dress,watch,rudrapur,india,civil,new,stream,uttarakhand,today,school,pushkar,crisis,dd,updates,countries,ukraine,election,teams,headlines,pm,us,rally,edition,doordarshan,season,ipl,uniform,cm,tv,singh,institutions,news,online,feed,bats,dhami,auction,embassy,poll
movement,state,prime vision,modi,january,watch,india,kind,way,children,stream,awareness,school,anurag,country,quiz,union,dd,september,minister,chaturvedi,life,thakur,schools,history,rounds,doordarshan,sujata,interview,objective,tv,singh,fitness,students,sports,online,message,fit,narendra,participation,key,line,secretary
australia,bilateral,watch,india,russia,jump,aspects,stream,trade,hour,sweep,dd,items,updates,beat,ukraine,headlines,west ukraine,doordarshan,tv,quantum,news,relations,show,online,indies,tension,series
ends,bilateral,watch,india,campaigns,jump,stream,dialogue,trade,dd,updates,headlines,doordarshan,tv,news,online,aus,phase,poll,news today
stream,minister,online,pc,doordarshan,australia,watch,foreign,india,dd,conference,tv,press
stream,updates,ukraine,online,world,scan,crisis,doordarshan,watch,india,russia,tv,dd
stream,winners,shetty,exclusive,online,chat,open,doordarshan,watch,india,chirag,tv,dd,encounters
stream,updates,jaishankar,news,proceedings,parliament,online,europe tour,live,doordarshan,watch,program,india,tv,dd
jaishankar,modi,watch,india,world,stream,ocean,night,dd,budget,pm,europe tour,doordarshan,restrictions,nations,tv,news,covid,summit,online,use,phase,campaign,session
stream,news express,express,jaishankar,news,online,europe tour,doordarshan,watch,india,stories,world,tv,dd,globe
terrorism,jaishankar,region,watch,india,stories,russia,world,aggression,view,talks,stream,pacific,dd,ukraine,breakthrough,europe tour,no,doordarshan,quad,tv,indo,online,commitment,tension,news today
jaishankar,modi,watch,india,stories,level,stream,melbourne,ocean,meet,foreign,dd,segment,minister,election,budget,pm,europe tour,doordarshan,quad,campaigning,tv,news,online,summit,phase,session,news today
day,watch,india,aspects,stream,top,today,ocean,foreign,dd,items,minister,updates,ukraine,election,budget,pm,mid,doordarshan,quad,biden,campaigning,tv,news,comprehensive,show,online,summit,phase,session,prime,meeting
vs,odi,modi,watch,india,new,stream,today,ocean,crisis,foreign,up,dd,minister,updates,ukraine,election,headlines,pm,budget,us,president,doordarshan,quad,biden,americans,inaugurate,darbar,tv,news,wi,hall,summit,online,feed,phase,joe,campaign,session,meeting
stream,jaishankar,online,press conference,melbourne,dr,europe tour,address,doordarshan,quad,watch,india,tv,dd
operation,watch,india,aspects,stream,new,ocean,hour,foreign,dd,items,minister,updates,ukraine,us,headlines,pm,president,commandos,doordarshan,search,biden,quad,americans,inaugurate,darbar,tv,news,bsf,covid,summit,online,hall,show,wave,meeting
stream,quad news,updates,summit,online,doordarshan,watch,india,breakfast,breakfast news,tv,dd
stream,updates,news,covid,online,doordarshan,watch,wave,india,tv,dd
stream,saga,former,fighter,struggle,ali,online,ahmed,president,doordarshan,tv,watch,india,fakhruddin,freedom,dd
stream,news,parliament,online,feed,doordarshan,watch,india,tv,dd,new
stream,news,ukraine,online,night,diplomacy,doordarshan,watch,india,russia,tv,dd
stream,positive,covid,online,chat,newborns,doordarshan,mothers,watch,india,tv,dd,doctor
stream,online,state,rounds,doordarshan,fit,watch,quiz,india,tv,dd
stream,episode,budget,online,union,fibre,discussion,economy,doordarshan,listening,watch,india,dd,part,digital,tv,thrust
stream,china today,online,feed,doordarshan,watch,statement,india,world,tv,dd,new
stream,sports,online,feed,buzz,doordarshan,watch,india,tv,dd,new
stream,online,press conference,feed,doordarshan,watch,india,health,tv,dd,new
stream,news,comprehensive,show,online,aspects,doordarshan,watch,india,dd,tv,crore,items
stream,updates,news,comprehensive,show,online,aspects,indies,doordarshan,watch,india,breakfast,lead,tv,dd,items
begins,stream,updates,up,news,polling,online,uk,phase,doordarshan,restrictions,watch,india,coronavirus,tv,dd
polls,protests,assembly,enemy,politics,watch,india,stream,mandates,time,eu,states,night,mask,crisis,confident,foreign,set,dd,cdc,us,ministers,doordarshan,quad,nations,tv,democracy,news,online,majority,canada
stream,assembly,news,pm,elections,online,speaks,doordarshan,modi,narendra,watch,india,subjects,tv,dd
ties,iran,women,watch,india,manifesto,rate,stream,uttarakhand,polling,stations,trade,tomorrow,dd,ready,indians,bjp,doordarshan,tv,recovery,express,news,online,advisory,canada,phase,stands,oman,manipur
day,australia,watch,india,united,russia,world,standoff,stream,visit,today,spot,tomorrow,dd,ukraine,doordarshan,tv,manchester,online,citizens,canada
pandemic,conversation,india times,service,economic development,watch,india,health,editor,exclusive,stream,growth,dialogue,sikarwar,infrastructure,dd,sectors,covid19,doordarshan,sr,host,bhatt,deepshikha,jobs,tv,government,show,online,sakal
path,watch,vaccination,india,juncture,stream,dialogue,concern,sense,school,losses,years,end,experts,video,groups,safety,dd,age,parents,schools,step,doordarshan,tv,drive,insights,online,children
answers,pandemic,conversation,get,director,watch,india,rates,health,stream,dialogue,end,indian,infection,dd,covid19,doordarshan,host,institute,bhatt,public,tv,dileep,gandhinagar,insights,online,dr,sakal,gujarat
stream,sports,online,vs,buzz,odi,man utd,sa,doordarshan,hockey india,watch,india,spot,west,tv,dd
conversation,generations,watch,india,universities,tripathi,stream,agriculture,states,revolution,know,gasp,farming,curriculum,dd,natural,doordarshan,syllabus,satya,tv,government,online,sg
production,desertification,modi,switches,india,fm,consumption,parties,pounds,stream,agriculture,studies,coherent,convention,ecosystem,food,budget,living,people,farmland,online,extinction,concentration,glacier,measure,decision,watch,terms,things,gasp,dd,average,atmosphere,pm,doordarshan,ice,satya,tv,fertilizer,carbon,himalayan,market,harmony,cities,cropland,zero,nature,sg,mn,conversation,study,risk,govt,world,sub,farming,natural,delhi,soil,lack,place,conference,eg,continent,chemical,solutions,health,tripathi,years,thinking,un,hectares,policy,countries,harvests,climate,principles,change
vibrant,knowledge,conversation,chemical,anandpur,watch,decades,india,andra,lessons,rice,world,monsoon,tripathi,stream,agriculture,pesticides,pre,forefront,masanobu,revolution,seeds,gasp,pradesh,farming,video,fertilizers,fact,dd,substances,needs,millions,philosopher,products,farmers,doordarshan,process,soil,tv,order,farm,inoculation,government,bio,fukuoka,online,use,inputs,farmer,initiatives,district,plants,concept,secretary
producer,watch,india,exclusive,stream,coconut,idea,income,organisation,dd,food,story,nadu,habits,farmers,neera,doordarshan,tv,drink,tamil,online,farmer
polls,odi,watch,hm,india,aspects,pro,shah,goa,league,cricket,amit,tomorrow,fih,dd,up,items,beat,headlines,elections,france,west,news,comprehensive,show,advisory,door,canada,citizens,campaign
stream,ministry,exclusive,sports,online,state,february,rounds,doordarshan,fit,watch,quiz,india,tv,dd
polls,women,modi,watch,india,canada stream,protest,aspects,shah,polling,stations,date,goa,amit,hour,tomorrow,dd,items,constituencies,updates,covid19,officials,doordarshan,tv,news,show,online,narendra
stream,range,km,online,february,doordarshan,watch,india,tv,dd,scooter
stream,dialogue,are,online,end,doordarshan,watch,india,tv,dd
polls,discussions,question,match,watch,india,protest,stream,aspects,landslide,live,hour,breakfast,up,dd,items,budget,elections,doordarshan,tv,columbia,news,show,online,canada
stream,saga,fighter,struggle,online,feed,doordarshan,tv,kharia,watch,india,freedom,dd,new
row,watch,india,fm,russia,standoff,stream,rok,nominations,night,trudeau,dd,role,ukraine,pm,no,doordarshan,tv,right,democracy,news,online,hyundai,next,leadership,oscar
stream,categories,dog,online,nominations,premier,doordarshan,watch,power,oscar,india,number,nov,tv,dd,awards
conversation,munmun,watch,india,shares,tripathi,stream,lab,revolution,gasp,farming,dd,natural,doordarshan,bhat,satya,tv,can,insights,online,chemistry,nature,secretary
watch,india,media,thanks,manifesto,rs,stream,post,tuesday,goa,dd,motion,oil,barrel,president,bjp,address,doordarshan,tv,express,news,online,hyundai
odi,watch,summons,india,world,protest,stream,standoff,russia today,korean,foreign,lanka,tomorrow,dd,minister,pm,doordarshan,tv,wi,online,fs,canada,sri
victory,vs,odi,watch,india,stream,buzz,league,tomorrow,fih,dd,france,doordarshan,hockey india,tv,west home,sports,online,indies
day,modi,watch,india,manifesto,aspects,stream,today,kerala,court,high,sabha,dd,up,items,punjab,election,ban,pm,bjp,mid,doordarshan,campaigning,tv,mediaone,reply,news,comprehensive,show,online,phase,narendra,uttrakhand,rallies,prime
stream,minister,reply,pm,online,president,address,doordarshan,modi,tv,watch,narendra,india,thanks,prime,sabha,dd,motion
stream,union budget,updates,houses,news,show,parliament,online,aspects,doordarshan,hour,watch,india,tv,dd,items
stream,news,show,online,aspects,news breakfast,league,france,doordarshan,match,watch,hour,india,breakfast,tv,dd,items
stream,art,new state,online,state,airport,terminal,doordarshan,watch,india,delhi,tv,dd
stream,news,comprehensive,election,show,pm,online,aspects,doordarshan,modi,india tv,watch,india,dd,news today,items
stream,saga,fighter,struggle,kalpana,online,doordarshan,tv,watch,dutta,india,freedom,dd
